<?xml version="1.0"?>
<doc>
    <assembly>
        <name>TEMS</name>
    </assembly>
    <members>
        <member name="T:TEMS.Controllers.EventAPIController">
            <summary>
            This is an event api controller
            </summary>
        </member>
        <member name="T:TEMS.Startup">
            <summary>
            
            </summary>
        </member>
        <member name="M:TEMS.Startup.#ctor(Microsoft.AspNetCore.Hosting.IWebHostEnvironment)">
            <summary>
            
            </summary>
            <param name="env"></param>
        </member>
    </members>
</doc>
