{
    "videoLibrary": [
        {
            "id": 1,
            "name": "Enola Rowe",
            "class": "tony@mcu.com",
            "age": "18",
            "address": "131 Oswaldo Street"
        },
        {
            "id": 2,
            "name": "Timmothy Lueilwitz",
            "age": "15",
            "address": "37137 Abbigail Lock"
        },
        {
            "id": 3,
            "name": "Madilyn Pacocha",
            "age": "14",
            "address": "094 Morris Plains"
        },
        {
            "id": 4,
            "name": "Harley Cremin",
            "age": "17",
            "address": "14855 Cathy Square"
        },
        {
            "id": 5,
            "name": "Juana Ziemann",
            "age": "16",
            "address": "612 Dayana Stream"
        }
    ]
}
